industry,total_customers,comparable_customers,customer_decrease_count,customer_decrease_rate_pct,relative_change_mean_pp,relative_change_median_pp,not_comparable_customers,both_decrease_count,customer_only_decrease_count,outperform_market_count,both_non_decrease_count,both_decrease_rate_pct,customer_only_decrease_rate_pct,outperform_market_rate_pct,both_non_decrease_rate_pct
가구·인테리어,181,181,85,46.96132596685083,-21.242655652685876,-0.8551877578666316,0,77,8,9,87,42.5414364640884,4.41988950276243,4.972375690607735,48.06629834254144
문화·취미·반려,202,202,82,40.5940594059406,-23.119143679860507,-0.2418928297125511,0,74,8,12,108,36.633663366336634,3.9603960396039604,5.9405940594059405,53.46534653465347
미용·뷰티,228,228,133,58.333333333333336,-0.21468898928879804,1.2029191882855654,0,107,26,33,62,46.92982456140351,11.403508771929824,14.473684210526317,27.192982456140353
생활서비스,172,172,15,8.720930232558139,-6.459169806289178,-0.9476444777273638,0,10,5,2,155,5.813953488372093,2.9069767441860463,1.1627906976744187,90.11627906976744
숙박,82,82,44,53.65853658536586,-5.080248280445017,-0.4242620392898222,0,36,8,6,32,43.90243902439025,9.75609756097561,7.317073170731707,39.02439024390244
식료품·편의소매,210,210,112,53.333333333333336,-1.1898965317374868,-2.0159910600687456,0,78,34,33,65,37.142857142857146,16.19047619047619,15.714285714285714,30.952380952380953
여가·오락,184,184,78,42.391304347826086,0.3323591327050964,0.18621243462681214,0,58,20,18,88,31.521739130434785,10.869565217391305,9.782608695652174,47.82608695652174
음식·음료,252,252,122,48.41269841269841,0.27893666571232356,-0.5376277882071792,0,69,53,45,85,27.380952380952383,21.03174603174603,17.857142857142858,33.730158730158735
자동차·운송서비스,160,160,91,56.875,-0.07817958696064826,-0.7808479585506625,0,81,10,12,57,50.625,6.25,7.5,35.625
전자기기·수리,118,118,68,57.6271186440678,-80.38870071155155,0.9101381285799497,0,60,8,6,44,50.847457627118644,6.779661016949152,5.084745762711865,37.28813559322034
패션·잡화,211,211,69,32.70142180094787,-33.8515901873525,-1.613174487862187,0,52,17,9,133,24.644549763033176,8.056872037914692,4.265402843601896,63.03317535545023
