region_code,region_name,total_customers,comparable_customers,customer_decrease_count,customer_decrease_rate_pct,relative_change_mean_pp,relative_change_median_pp,not_comparable_customers,both_decrease_count,customer_only_decrease_count,outperform_market_count,both_non_decrease_count,both_decrease_rate_pct,customer_only_decrease_rate_pct,outperform_market_rate_pct,both_non_decrease_rate_pct
11110515,청운효자동,4,4,1,25.0,6.066162724855987,4.639560804152273,0,1,0,0,3,25.0,0.0,0.0,75.0
11110530,사직동,2,2,0,0.0,6.7580864220794155,6.7580864220794155,0,0,0,0,2,0.0,0.0,0.0,100.0
11110540,삼청동,1,1,0,0.0,1.2039753630918568,1.2039753630918568,0,0,0,0,1,0.0,0.0,0.0,100.0
11110550,부암동,3,3,1,33.33333333333333,-9.129906459255325,-9.954574952673674,0,0,1,0,2,0.0,33.33333333333333,0.0,66.66666666666666
11110560,평창동,1,1,0,0.0,-13.489588164751432,-13.489588164751432,0,0,0,0,1,0.0,0.0,0.0,100.0
11110570,무악동,2,2,0,0.0,21.14995649073538,21.14995649073538,0,0,0,2,0,0.0,0.0,100.0,0.0
11110600,가회동,1,1,1,100.0,4.57069859684767,4.57069859684767,0,1,0,0,0,100.0,0.0,0.0,0.0
11110615,종로1·2·3·4가동,6,6,3,50.0,0.8978975348886683,4.238710439472772,0,2,1,3,0,33.33333333333333,16.666666666666664,50.0,0.0
11110630,종로5·6가동,6,6,1,16.666666666666664,8.22084799808721,4.947780960393649,0,0,1,0,5,0.0,16.666666666666664,0.0,83.33333333333334
11110640,이화동,3,3,1,33.33333333333333,-0.34804973298432645,2.6556165648980112,0,1,0,0,2,33.33333333333333,0.0,0.0,66.66666666666666
11110650,혜화동,3,3,2,66.66666666666666,5.1416932608104045,9.572169237621017,0,2,0,0,1,66.66666666666666,0.0,0.0,33.33333333333333
11110670,창신1동,7,7,1,14.285714285714285,-5.994946738505038,8.645525896135041,0,1,0,0,6,14.285714285714285,0.0,0.0,85.71428571428571
11110680,창신2동,6,6,4,66.66666666666666,3.765977096829225,8.855,0,4,0,0,2,66.66666666666666,0.0,0.0,33.33333333333333
11110690,창신3동,1,1,1,100.0,2.39711356876224,2.39711356876224,0,1,0,0,0,100.0,0.0,0.0,0.0
11110700,숭인1동,3,3,0,0.0,-452.60577466540184,4.345495259366526,0,0,0,0,3,0.0,0.0,0.0,100.0
11110710,숭인2동,6,6,4,66.66666666666666,0.7052038387299723,-0.8755971049955922,0,4,0,1,1,66.66666666666666,0.0,16.666666666666664,16.666666666666664
11140520,소공동,3,3,2,66.66666666666666,6.497457132023139,9.541271753338965,0,1,1,1,0,33.33333333333333,33.33333333333333,33.33333333333333,0.0
11140540,회현동,3,3,1,33.33333333333333,13.101047200805779,0.9043596250844566,0,1,0,0,2,33.33333333333333,0.0,0.0,66.66666666666666
11140550,명동,4,4,0,0.0,6.626835322896841,6.76034995059441,0,0,0,1,3,0.0,0.0,25.0,75.0
11140570,필동,5,5,4,80.0,-2.441051682839726,-3.954147324809206,0,3,1,0,1,60.0,20.0,0.0,20.0
11140580,장충동,4,4,0,0.0,3.5136421266117064,-4.69572194724388,0,0,0,0,4,0.0,0.0,0.0,100.0
11140590,광희동,8,8,6,75.0,-9.050304857812138,-9.71705178213802,0,2,4,0,2,25.0,50.0,0.0,25.0
11140605,을지로동,6,6,2,33.33333333333333,13.251242617326545,14.206126316310941,0,2,0,1,3,33.33333333333333,0.0,16.666666666666664,50.0
11140615,신당동,7,7,2,28.57142857142857,-22.857110093807904,-2.9631610766525043,0,2,0,0,5,28.57142857142857,0.0,0.0,71.42857142857143
11140625,다산동,7,7,2,28.57142857142857,-5.398895797255986,-9.130646115667032,0,1,1,1,4,14.285714285714285,14.285714285714285,14.285714285714285,57.14285714285714
11140635,약수동,7,7,3,42.857142857142854,-1.3237035490255562,4.230432153304875,0,2,1,0,4,28.57142857142857,14.285714285714285,0.0,57.14285714285714
11140650,신당5동,3,3,2,66.66666666666666,-10.483008648087262,-8.975077503991015,0,0,2,0,1,0.0,66.66666666666666,0.0,33.33333333333333
11140670,황학동,6,6,1,16.666666666666664,4.42368660212917,8.47079918888737,0,1,0,1,4,16.666666666666664,0.0,16.666666666666664,66.66666666666666
11140680,중림동,5,5,4,80.0,-1.1697809299499773,-3.786806155428753,0,4,0,0,1,80.0,0.0,0.0,20.0
11170510,후암동,6,6,3,50.0,-8.703072725198075,-9.488870626231664,0,2,1,0,3,33.33333333333333,16.666666666666664,0.0,50.0
11170520,용산2가동,4,4,0,0.0,10.737671308344748,7.645582004813073,0,0,0,1,3,0.0,0.0,25.0,75.0
11170530,남영동,4,4,2,50.0,-576.1225700244595,-586.5356472621465,0,2,0,0,2,50.0,0.0,0.0,50.0
11170555,청파동,1,1,1,100.0,-20.70723343680247,-20.70723343680247,0,0,1,0,0,0.0,100.0,0.0,0.0
11170560,원효로1동,3,3,3,100.0,-0.13656085461540712,-1.181455831590771,0,3,0,0,0,100.0,0.0,0.0,0.0
11170570,원효로2동,5,5,1,20.0,-12.04700531819205,-11.77338175927975,0,0,1,0,4,0.0,20.0,0.0,80.0
11170580,효창동,1,1,0,0.0,13.461074712939254,13.461074712939254,0,0,0,1,0,0.0,0.0,100.0,0.0
11170590,용문동,6,6,1,16.666666666666664,-23.911521421209912,-0.21246294563655477,0,1,0,0,5,16.666666666666664,0.0,0.0,83.33333333333334
11170625,한강로동,9,9,2,22.22222222222222,-2.8075481052361844,-2.8351225568806875,0,1,1,0,7,11.11111111111111,11.11111111111111,0.0,77.77777777777779
11170630,이촌1동,4,4,3,75.0,-0.23612264653779214,-4.167570288447066,0,3,0,0,1,75.0,0.0,0.0,25.0
11170640,이촌2동,5,5,3,60.0,-1.6743997954726708,-3.5361930806527515,0,2,1,1,1,40.0,20.0,20.0,20.0
11170650,이태원1동,2,2,1,50.0,-2.0143338695484534,-2.0143338695484534,0,1,0,0,1,50.0,0.0,0.0,50.0
11170660,이태원2동,6,6,4,66.66666666666666,1.109015535193965,-1.035297719822621,0,2,2,0,2,33.33333333333333,33.33333333333333,0.0,33.33333333333333
11170685,한남동,4,4,3,75.0,-5.5371236469794844,-6.112876470906773,0,2,1,0,1,50.0,25.0,0.0,25.0
11170690,서빙고동,5,5,3,60.0,2.9482523401982137,-4.177055970723444,0,2,1,1,1,40.0,20.0,20.0,20.0
11170700,보광동,4,4,2,50.0,8.251666518459615,9.240046792861103,0,2,0,2,0,50.0,0.0,50.0,0.0
11200520,왕십리2동,6,6,2,33.33333333333333,-2.278629958969026,-0.8193979187569662,0,1,1,0,4,16.666666666666664,16.666666666666664,0.0,66.66666666666666
11200535,왕십리도선동,6,6,1,16.666666666666664,-5.087487852933514,-6.438793123972914,0,0,1,0,5,0.0,16.666666666666664,0.0,83.33333333333334
11200540,마장동,5,5,2,40.0,3.4717851396214123,4.736681754438003,0,1,1,0,3,20.0,20.0,0.0,60.0
11200550,사근동,2,2,2,100.0,-2.351824856371657,-2.351824856371657,0,2,0,0,0,100.0,0.0,0.0,0.0
11200560,행당1동,8,8,5,62.5,-5.591909069640723,-6.106723050949391,0,3,2,0,3,37.5,25.0,0.0,37.5
11200570,행당2동,6,6,3,50.0,1.999870665977775,3.19824133784401,0,3,0,0,3,50.0,0.0,0.0,50.0
11200580,응봉동,2,2,0,0.0,-3.007664093085861,-3.007664093085861,0,0,0,0,2,0.0,0.0,0.0,100.0
11200590,금호1가동,3,3,0,0.0,9.997482526350447,10.254442728323504,0,0,0,0,3,0.0,0.0,0.0,100.0
11200615,금호2·3가동,5,5,2,40.0,6.94611633149583,8.792140666280813,0,1,1,2,1,20.0,20.0,40.0,20.0
11200620,금호4가동,4,4,3,75.0,7.478445937498428,8.772998611015197,0,2,1,1,0,50.0,25.0,25.0,0.0
11200645,옥수동,3,3,1,33.33333333333333,-8.459977022372211,-12.87678530811138,0,1,0,0,2,33.33333333333333,0.0,0.0,66.66666666666666
11200650,성수1가1동,6,6,4,66.66666666666666,-3.770401842246867,-6.191998757069358,0,3,1,0,2,50.0,16.666666666666664,0.0,33.33333333333333
11200660,성수1가2동,4,4,1,25.0,1.5759375417150157,3.0146196421270535,0,1,0,1,2,25.0,0.0,25.0,50.0
11200670,성수2가1동,1,1,0,0.0,7.357687380702556,7.357687380702556,0,0,0,1,0,0.0,0.0,100.0,0.0
11200690,성수2가3동,4,4,1,25.0,5.125622917817699,4.364669835227446,0,1,0,1,2,25.0,0.0,25.0,50.0
11200720,송정동,5,5,1,20.0,-3.6109403430508293,-2.061535001442337,0,1,0,1,3,20.0,0.0,20.0,60.0
11200790,용답동,2,2,1,50.0,6.206887647466258,6.206887647466258,0,1,0,1,0,50.0,0.0,50.0,0.0
11215710,화양동,10,10,3,30.0,0.8709038354992898,-0.5311764334425462,0,1,2,1,6,10.0,20.0,10.0,60.0
11215730,군자동,5,5,3,60.0,7.899541549053845,10.667838077656405,0,3,0,1,1,60.0,0.0,20.0,20.0
11215740,중곡1동,6,6,3,50.0,-6.19942517625469,-8.374549885738944,0,1,2,1,2,16.666666666666664,33.33333333333333,16.666666666666664,33.33333333333333
11215750,중곡2동,2,2,0,0.0,5.42162276785911,5.42162276785911,0,0,0,0,2,0.0,0.0,0.0,100.0
11215760,중곡3동,3,3,1,33.33333333333333,-1.9416641272643222,-2.7346485373011653,0,1,0,0,2,33.33333333333333,0.0,0.0,66.66666666666666
11215770,중곡4동,11,11,1,9.090909090909092,3.440880664979832,4.50924147011425,0,1,0,0,10,9.090909090909092,0.0,0.0,90.9090909090909
11215780,능동,6,6,5,83.33333333333334,-1.892749571432611,-2.840934436686547,0,5,0,1,0,83.33333333333334,0.0,16.666666666666664,0.0
11215810,광장동,2,2,2,100.0,-5.276975446169873,-5.276975446169873,0,2,0,0,0,100.0,0.0,0.0,0.0
11215820,자양1동,3,3,0,0.0,-97.463516495433,-84.14174667027478,0,0,0,1,2,0.0,0.0,33.33333333333333,66.66666666666666
11215830,자양2동,7,7,3,42.857142857142854,-2.3226176735938497,-0.3020110685240489,0,2,1,0,4,28.57142857142857,14.285714285714285,0.0,57.14285714285714
11215840,자양3동,3,3,1,33.33333333333333,-1.5694647977593643,2.8430321134220318,0,1,0,0,2,33.33333333333333,0.0,0.0,66.66666666666666
11215847,자양4동,8,8,2,25.0,7.609221335874723,6.494611602125048,0,1,1,0,6,12.5,12.5,0.0,75.0
11215850,구의1동,7,7,4,57.14285714285714,-4.034918249888343,-7.955355435970681,0,3,1,1,2,42.857142857142854,14.285714285714285,14.285714285714285,28.57142857142857
11215860,구의2동,7,7,4,57.14285714285714,-10.334526531731056,-10.233078085370064,0,2,2,0,3,28.57142857142857,28.57142857142857,0.0,42.857142857142854
11215870,구의3동,2,2,0,0.0,10.574313745853178,10.574313745853178,0,0,0,0,2,0.0,0.0,0.0,100.0
11230536,용신동,7,7,3,42.857142857142854,-2.8198977736901005,6.856781436971907,0,2,1,0,4,28.57142857142857,14.285714285714285,0.0,57.14285714285714
11230545,제기동,7,7,1,14.285714285714285,-19.06106036523609,-3.692202607841267,0,1,0,0,6,14.285714285714285,0.0,0.0,85.71428571428571
11230560,전농1동,6,6,0,0.0,0.8677216013632799,1.4454998270968993,0,0,0,1,5,0.0,0.0,16.666666666666664,83.33333333333334
11230570,전농2동,3,3,1,33.33333333333333,4.485710306796059,5.14536951708731,0,1,0,1,1,33.33333333333333,0.0,33.33333333333333,33.33333333333333
11230600,답십리1동,5,5,3,60.0,-1.1771173500910863,-1.2097416437186652,0,3,0,0,2,60.0,0.0,0.0,40.0
11230610,답십리2동,6,6,3,50.0,8.14377962323919,6.701525920661226,0,3,0,1,2,50.0,0.0,16.666666666666664,33.33333333333333
11230650,장안1동,4,4,2,50.0,-2.7116639196073162,-3.1564068857055427,0,1,1,1,1,25.0,25.0,25.0,25.0
11230660,장안2동,5,5,2,40.0,-3.435964133848492,-0.48123258586451234,0,1,1,2,1,20.0,20.0,40.0,20.0
11230705,청량리동,7,7,3,42.857142857142854,4.4375226293905845,3.0146243969906834,0,3,0,1,3,42.857142857142854,0.0,14.285714285714285,42.857142857142854
11230710,회기동,7,7,3,42.857142857142854,0.4544908638752249,3.217572139244833,0,2,1,0,4,28.57142857142857,14.285714285714285,0.0,57.14285714285714
11230720,휘경1동,6,6,3,50.0,-0.33789031650213897,-2.151408057936674,0,2,1,2,1,33.33333333333333,16.666666666666664,33.33333333333333,16.666666666666664
11230730,휘경2동,5,5,4,80.0,-56.65529154303822,-9.196114721447099,0,2,2,0,1,40.0,40.0,0.0,20.0
11230740,이문1동,7,7,2,28.57142857142857,-162.25446573251733,-0.712648599037383,0,2,0,0,5,28.57142857142857,0.0,0.0,71.42857142857143
11230750,이문2동,3,3,0,0.0,6.570855263772472,3.1081702899151438,0,0,0,0,3,0.0,0.0,0.0,100.0
11260520,면목2동,2,2,0,0.0,11.537139921142622,11.537139921142622,0,0,0,1,1,0.0,0.0,50.0,50.0
11260540,면목4동,6,6,1,16.666666666666664,-40.21917592716429,-6.201602377006198,0,1,0,0,5,16.666666666666664,0.0,0.0,83.33333333333334
11260550,면목5동,4,4,3,75.0,1.9509461789159148,-0.8271166740321783,0,3,0,0,1,75.0,0.0,0.0,25.0
11260565,면목본동,11,11,3,27.27272727272727,4.656936230082089,2.7520587669389953,0,1,2,1,7,9.090909090909092,18.181818181818183,9.090909090909092,63.63636363636363
11260570,면목7동,3,3,1,33.33333333333333,-0.8480770995379707,-4.662856572740168,0,1,0,0,2,33.33333333333333,0.0,0.0,66.66666666666666
11260575,면목3·8동,4,4,1,25.0,3.550104923347273,2.675178898552754,0,1,0,0,3,25.0,0.0,0.0,75.0
11260580,상봉1동,3,3,0,0.0,-5.639717197192745,-9.010229709026376,0,0,0,0,3,0.0,0.0,0.0,100.0
11260590,상봉2동,7,7,3,42.857142857142854,3.0778881775621394,6.278947582228645,0,3,0,0,4,42.857142857142854,0.0,0.0,57.14285714285714
11260600,중화1동,11,11,7,63.63636363636363,-22.39905805666656,-5.74401888564136,0,7,0,1,3,63.63636363636363,0.0,9.090909090909092,27.27272727272727
11260610,중화2동,4,4,1,25.0,5.34056681395423,5.508489156484609,0,1,0,0,3,25.0,0.0,0.0,75.0
11260620,묵1동,8,8,4,50.0,-12.123252134446929,-11.095934440122369,0,3,1,0,4,37.5,12.5,0.0,50.0
11260630,묵2동,5,5,3,60.0,13.637247023308731,16.201900631327433,0,3,0,0,2,60.0,0.0,0.0,40.0
11260655,망우본동,7,7,4,57.14285714285714,-4.984628804986682,1.0966441856624645,0,2,2,0,3,28.57142857142857,28.57142857142857,0.0,42.857142857142854
11260660,망우3동,5,5,3,60.0,0.04656350712573491,-0.8529253479237688,0,1,2,1,1,20.0,40.0,20.0,20.0
11260680,신내1동,3,3,1,33.33333333333333,4.341163226622567,6.150897786395146,0,1,0,1,1,33.33333333333333,0.0,33.33333333333333,33.33333333333333
11260690,신내2동,3,3,1,33.33333333333333,0.27356410801244496,-2.7262129871223486,0,1,0,1,1,33.33333333333333,0.0,33.33333333333333,33.33333333333333
11290525,성북동,4,4,3,75.0,5.120875951981114,6.743510871745475,0,2,1,1,0,50.0,25.0,25.0,0.0
11290555,삼선동,11,11,6,54.54545454545454,-0.8699775795964012,-3.6024378913168302,0,3,3,0,5,27.27272727272727,27.27272727272727,0.0,45.45454545454545
11290575,동선동,8,8,5,62.5,-7.670918331348681,-6.058718484365476,0,5,0,0,3,62.5,0.0,0.0,37.5
11290580,돈암1동,3,3,1,33.33333333333333,-5.514126949670203,-3.948070616561668,0,0,1,0,2,0.0,33.33333333333333,0.0,66.66666666666666
11290590,돈암2동,4,4,2,50.0,-0.6049326724181396,0.7946876531252052,0,2,0,1,1,50.0,0.0,25.0,25.0
11290600,안암동,3,3,1,33.33333333333333,8.799565638208295,10.574411132567032,0,1,0,0,2,33.33333333333333,0.0,0.0,66.66666666666666
11290610,보문동,4,4,3,75.0,0.9084501980393671,0.19361419460666207,0,3,0,0,1,75.0,0.0,0.0,25.0
11290620,정릉1동,5,5,4,80.0,3.5757659063824105,1.6437783564580428,0,4,0,1,0,80.0,0.0,20.0,0.0
11290630,정릉2동,5,5,1,20.0,-9.414074278143076,-10.01983435209494,0,0,1,0,4,0.0,20.0,0.0,80.0
11290640,정릉3동,6,6,3,50.0,3.329729920055087,12.331981460540351,0,3,0,1,2,50.0,0.0,16.666666666666664,33.33333333333333
11290650,정릉4동,3,3,2,66.66666666666666,3.8271205202475365,0.7255962628251521,0,2,0,1,0,66.66666666666666,0.0,33.33333333333333,0.0
11290660,길음1동,3,3,2,66.66666666666666,-7.180820329441791,-4.020371930687581,0,2,0,0,1,66.66666666666666,0.0,0.0,33.33333333333333
11290685,길음2동,2,2,0,0.0,11.501863219822136,11.501863219822136,0,0,0,1,1,0.0,0.0,50.0,50.0
11290705,종암동,8,8,1,12.5,-39.55307304075162,-14.188581309661487,0,0,1,0,7,0.0,12.5,0.0,87.5
11290715,월곡1동,6,6,3,50.0,4.971857346247539,3.629253185045571,0,2,1,1,2,33.33333333333333,16.666666666666664,16.666666666666664,33.33333333333333
11290725,월곡2동,3,3,1,33.33333333333333,8.74538066193327,9.269928672326797,0,1,0,0,2,33.33333333333333,0.0,0.0,66.66666666666666
11290760,장위1동,5,5,3,60.0,-107.35220164435366,-12.295049427725898,0,3,0,1,1,60.0,0.0,20.0,20.0
11290770,장위2동,6,6,3,50.0,1.3913987840055213,2.333741337447197,0,3,0,1,2,50.0,0.0,16.666666666666664,33.33333333333333
11290780,장위3동,3,3,2,66.66666666666666,-1.2158896728521615,-18.587847391423118,0,2,0,1,0,66.66666666666666,0.0,33.33333333333333,0.0
11290810,석관동,11,11,7,63.63636363636363,-5.351328914804781,-2.21433740445935,0,5,2,0,4,45.45454545454545,18.181818181818183,0.0,36.36363636363637
11305534,삼양동,2,2,1,50.0,-7.8686942502819,-7.8686942502819,0,1,0,0,1,50.0,0.0,0.0,50.0
11305535,미아동,7,7,4,57.14285714285714,1.8017862213171516,-3.6726154912276954,0,4,0,0,3,57.14285714285714,0.0,0.0,42.857142857142854
11305545,송중동,5,5,3,60.0,-4.628358528873217,-14.693699083391026,0,1,2,0,2,20.0,40.0,0.0,40.0
11305555,송천동,3,3,2,66.66666666666666,0.9813923042571476,-0.7895013323059974,0,1,1,1,0,33.33333333333333,33.33333333333333,33.33333333333333,0.0
11305575,삼각산동,3,3,2,66.66666666666666,-9.716915895010693,-10.144172721534716,0,1,1,0,1,33.33333333333333,33.33333333333333,0.0,33.33333333333333
11305595,번1동,4,4,1,25.0,-3.742864412248982,-3.024363664126752,0,0,1,0,3,0.0,25.0,0.0,75.0
11305603,번2동,5,5,3,60.0,3.68148189442903,3.2948459497109894,0,3,0,0,2,60.0,0.0,0.0,40.0
11305608,번3동,6,6,4,66.66666666666666,0.8516661715692516,-1.9571067061129526,0,4,0,0,2,66.66666666666666,0.0,0.0,33.33333333333333
11305615,수유1동,9,9,6,66.66666666666666,-1.1333451225602942,4.770561240407318,0,4,2,0,3,44.44444444444444,22.22222222222222,0.0,33.33333333333333
11305625,수유2동,5,5,2,40.0,-1.9740768816452792,0.004001578441656051,0,0,2,0,3,0.0,40.0,0.0,60.0
11305635,수유3동,8,8,1,12.5,2.5559060850569715,1.7042924543486673,0,1,0,1,6,12.5,0.0,12.5,75.0
11305645,우이동,10,10,3,30.0,-4.091022202095795,0.15773522408339957,0,3,0,0,7,30.0,0.0,0.0,70.0
11305660,인수동,6,6,3,50.0,-10.602972428034878,-9.177055952391639,0,3,0,0,3,50.0,0.0,0.0,50.0
11320511,창1동,1,1,0,0.0,5.8247540920156595,5.8247540920156595,0,0,0,0,1,0.0,0.0,0.0,100.0
11320512,창2동,8,8,2,25.0,3.752674685837654,1.3730889238460557,0,2,0,0,6,25.0,0.0,0.0,75.0
11320513,창3동,5,5,0,0.0,7.983033119399333,10.314008202506159,0,0,0,2,3,0.0,0.0,40.0,60.0
11320514,창4동,4,4,3,75.0,-5.222896728444097,-7.758819913519591,0,0,3,0,1,0.0,75.0,0.0,25.0
11320515,창5동,5,5,2,40.0,4.933947904297808,6.895497993931797,0,2,0,1,2,40.0,0.0,20.0,40.0
11320521,도봉1동,6,6,4,66.66666666666666,-0.34022935618793076,-0.7470470688186304,0,4,0,2,0,66.66666666666666,0.0,33.33333333333333,0.0
11320522,도봉2동,4,4,2,50.0,-5.705961146897848,-3.063997930982053,0,2,0,1,1,50.0,0.0,25.0,25.0
11320660,쌍문1동,7,7,2,28.57142857142857,-59.95988718720454,7.8484233121220175,0,2,0,2,3,28.57142857142857,0.0,28.57142857142857,42.857142857142854
11320670,쌍문2동,8,8,4,50.0,-25.536885812778255,0.9274665061845888,0,3,1,2,2,37.5,12.5,25.0,25.0
11320680,쌍문3동,5,5,2,40.0,2.3773941421494156,2.5525939973939984,0,2,0,1,2,40.0,0.0,20.0,40.0
11320681,쌍문4동,1,1,1,100.0,-13.188584578517396,-13.188584578517396,0,1,0,0,0,100.0,0.0,0.0,0.0
11320700,방학2동,8,8,4,50.0,-4.794169350091117,-5.24949086892172,0,3,1,0,4,37.5,12.5,0.0,50.0
11320710,방학3동,8,8,6,75.0,4.692620407116188,3.8045377982374156,0,6,0,2,0,75.0,0.0,25.0,0.0
11350560,월계1동,3,3,2,66.66666666666666,-8.55434233211549,-8.535464366447869,0,1,1,0,1,33.33333333333333,33.33333333333333,0.0,33.33333333333333
11350570,월계2동,1,1,0,0.0,-13.791157807364083,-13.791157807364083,0,0,0,0,1,0.0,0.0,0.0,100.0
11350580,월계3동,3,3,0,0.0,8.284792639283078,8.726590459153702,0,0,0,0,3,0.0,0.0,0.0,100.0
11350595,공릉1동,4,4,1,25.0,-3.0486324045619906,-2.1557881879915066,0,0,1,0,3,0.0,25.0,0.0,75.0
11350600,공릉2동,5,5,1,20.0,-43.167550221342964,0.5563000242027716,0,0,1,2,2,0.0,20.0,40.0,40.0
11350611,하계1동,3,3,0,0.0,3.595173270885827,4.71729325897148,0,0,0,0,3,0.0,0.0,0.0,100.0
11350612,하계2동,1,1,0,0.0,-1.6488799721054441,-1.6488799721054441,0,0,0,0,1,0.0,0.0,0.0,100.0
11350619,중계본동,3,3,0,0.0,11.398442568895328,6.060739330164304,0,0,0,0,3,0.0,0.0,0.0,100.0
11350621,중계1동,4,4,1,25.0,2.5328422222014084,-1.8373160831724946,0,1,0,1,2,25.0,0.0,25.0,50.0
11350624,중계4동,3,3,1,33.33333333333333,5.811289695426782,3.8468630967390647,0,1,0,0,2,33.33333333333333,0.0,0.0,66.66666666666666
11350625,중계2·3동,4,4,2,50.0,-4.484002228631423,-3.8914582238450883,0,1,1,1,1,25.0,25.0,25.0,25.0
11350630,상계1동,2,2,2,100.0,-0.352259275709649,-0.352259275709649,0,2,0,0,0,100.0,0.0,0.0,0.0
11350640,상계2동,7,7,3,42.857142857142854,7.483652622194521,6.490343237073608,0,3,0,0,4,42.857142857142854,0.0,0.0,57.14285714285714
11350665,상계3·4동,5,5,3,60.0,-27.266379152027497,4.091067743851518,0,3,0,0,2,60.0,0.0,0.0,40.0
11350670,상계5동,5,5,1,20.0,1.3796166961019751,-0.46910034614404506,0,1,0,2,2,20.0,0.0,40.0,40.0
11350695,상계6·7동,1,1,1,100.0,-3.8520315011873434,-3.8520315011873434,0,1,0,0,0,100.0,0.0,0.0,0.0
11350700,상계8동,3,3,1,33.33333333333333,4.581504316515176,3.0324650153005024,0,0,1,0,2,0.0,33.33333333333333,0.0,66.66666666666666
11350710,상계9동,4,4,3,75.0,-3.855166913391455,-4.758866007692941,0,3,0,0,1,75.0,0.0,0.0,25.0
11350720,상계10동,2,2,1,50.0,-0.7487334934746519,-0.7487334934746519,0,1,0,1,0,50.0,0.0,50.0,0.0
11380510,녹번동,6,6,5,83.33333333333334,6.321787974999289,9.33014931165027,0,5,0,0,1,83.33333333333334,0.0,0.0,16.666666666666664
11380520,불광1동,5,5,2,40.0,-5.848668094819971,-12.334051946385053,0,2,0,1,2,40.0,0.0,20.0,40.0
11380530,불광2동,4,4,1,25.0,-7.585593896085224,-7.159476023443231,0,1,0,0,3,25.0,0.0,0.0,75.0
11380551,갈현1동,6,6,1,16.666666666666664,-6.508169253093885,-5.499688712567227,0,1,0,0,5,16.666666666666664,0.0,0.0,83.33333333333334
11380552,갈현2동,7,7,2,28.57142857142857,1.9936647282240523,6.320794892191721,0,1,1,1,4,14.285714285714285,14.285714285714285,14.285714285714285,57.14285714285714
11380560,구산동,5,5,0,0.0,8.933016156569337,12.68090685925096,0,0,0,0,5,0.0,0.0,0.0,100.0
11380570,대조동,6,6,5,83.33333333333334,-0.1045576601387781,-1.3692158932671274,0,4,1,0,1,66.66666666666666,16.666666666666664,0.0,16.666666666666664
11380580,응암1동,3,3,1,33.33333333333333,2.7505128432704287,-10.25588324005795,0,1,0,0,2,33.33333333333333,0.0,0.0,66.66666666666666
11380590,응암2동,6,6,4,66.66666666666666,4.18919995793527,4.935305807250322,0,4,0,0,2,66.66666666666666,0.0,0.0,33.33333333333333
11380600,응암3동,5,5,4,80.0,-3.7717861559616757,-4.007314807580336,0,4,0,0,1,80.0,0.0,0.0,20.0
11380625,역촌동,5,5,4,80.0,-1.3290214001758547,-3.3773795387948358,0,4,0,0,1,80.0,0.0,0.0,20.0
11380631,신사1동,7,7,3,42.857142857142854,-0.4334551620227958,-8.407383986420733,0,3,0,1,3,42.857142857142854,0.0,14.285714285714285,42.857142857142854
11380632,신사2동,4,4,1,25.0,-3.6589783949920545,-3.0330372101131426,0,0,1,0,3,0.0,25.0,0.0,75.0
11380640,증산동,2,2,0,0.0,10.300187154357761,10.300187154357761,0,0,0,1,1,0.0,0.0,50.0,50.0
11380650,수색동,8,8,3,37.5,-5.37211154597669,-2.1923029141806367,0,2,1,1,4,25.0,12.5,12.5,50.0
11380690,진관동,1,1,1,100.0,-14.312758887125206,-14.312758887125206,0,1,0,0,0,100.0,0.0,0.0,0.0
11410520,천연동,1,1,0,0.0,9.829412091256373,9.829412091256373,0,0,0,0,1,0.0,0.0,0.0,100.0
11410555,북아현동,4,4,2,50.0,-4.953050809013021,-5.520365760489792,0,2,0,1,1,50.0,0.0,25.0,25.0
11410565,충현동,3,3,2,66.66666666666666,-4.358213094370805,-3.345471463032105,0,1,1,1,0,33.33333333333333,33.33333333333333,33.33333333333333,0.0
11410585,신촌동,5,5,2,40.0,-7.964252185555813,-1.871463475132785,0,2,0,0,3,40.0,0.0,0.0,60.0
11410615,연희동,3,3,1,33.33333333333333,-3.9889601496706035,-6.121470494522555,0,1,0,0,2,33.33333333333333,0.0,0.0,66.66666666666666
11410620,홍제1동,7,7,1,14.285714285714285,-58.979210681611754,2.2843967402835084,0,1,0,0,6,14.285714285714285,0.0,0.0,85.71428571428571
11410640,홍제3동,1,1,0,0.0,29.00518333875734,29.00518333875734,0,0,0,1,0,0.0,0.0,100.0,0.0
11410655,홍제2동,6,6,2,33.33333333333333,-7.84822775996568,-9.94457941862969,0,2,0,0,4,33.33333333333333,0.0,0.0,66.66666666666666
11410660,홍은1동,4,4,2,50.0,-116.76864165520489,2.163198126486641,0,2,0,1,1,50.0,0.0,25.0,25.0
11410685,홍은2동,8,8,4,50.0,-59.110227739170966,-6.8210520619086115,0,3,1,0,4,37.5,12.5,0.0,50.0
11410690,남가좌1동,5,5,4,80.0,-0.817313648244425,-2.257356870367964,0,4,0,1,0,80.0,0.0,20.0,0.0
11410700,남가좌2동,6,6,2,33.33333333333333,-118.50605679290231,-3.009803644401114,0,2,0,2,2,33.33333333333333,0.0,33.33333333333333,33.33333333333333
11410710,북가좌1동,4,4,3,75.0,-3.332830665512512,-4.017384584663911,0,1,2,1,0,25.0,50.0,25.0,0.0
11410720,북가좌2동,3,3,1,33.33333333333333,7.375261879187668,4.576475530617559,0,1,0,0,2,33.33333333333333,0.0,0.0,66.66666666666666
11440555,아현동,3,3,3,100.0,-3.5927847342551664,-3.138666539394352,0,2,1,0,0,66.66666666666666,33.33333333333333,0.0,0.0
11440565,공덕동,4,4,2,50.0,10.30743801347494,12.9274487723174,0,1,1,0,2,25.0,25.0,0.0,50.0
11440585,도화동,4,4,3,75.0,4.864680010469364,2.022532553422878,0,2,1,0,1,50.0,25.0,0.0,25.0
11440590,용강동,3,3,1,33.33333333333333,12.169185437256267,9.424440931959992,0,1,0,0,2,33.33333333333333,0.0,0.0,66.66666666666666
11440600,대흥동,8,8,3,37.5,-7.436838241107653,-6.609549182805566,0,2,1,0,5,25.0,12.5,0.0,62.5
11440610,염리동,6,6,2,33.33333333333333,1.8241148103283944,7.7565784928135,0,1,1,0,4,16.666666666666664,16.666666666666664,0.0,66.66666666666666
11440630,신수동,8,8,3,37.5,-26.477401804700566,-6.269142327870009,0,3,0,0,5,37.5,0.0,0.0,62.5
11440655,서강동,9,9,5,55.55555555555556,1.8286767873695193,0.11502549521985372,0,2,3,0,4,22.22222222222222,33.33333333333333,0.0,44.44444444444444
11440660,서교동,7,7,2,28.57142857142857,8.37423924172435,8.588733482161073,0,1,1,2,3,14.285714285714285,14.285714285714285,28.57142857142857,42.857142857142854
11440680,합정동,4,4,2,50.0,-15.262590146435059,-8.074442984400399,0,2,0,1,1,50.0,0.0,25.0,25.0
11440690,망원1동,8,8,3,37.5,-5.804041376451209,-2.7508160000675232,0,2,1,0,5,25.0,12.5,0.0,62.5
11440700,망원2동,3,3,1,33.33333333333333,-3.494258930778578,-7.456485139375783,0,1,0,0,2,33.33333333333333,0.0,0.0,66.66666666666666
11440710,연남동,7,7,3,42.857142857142854,-0.5342521269344644,-0.4755615115927396,0,1,2,0,4,14.285714285714285,28.57142857142857,0.0,57.14285714285714
11440720,성산1동,8,8,4,50.0,8.965206296287757,6.995156295383588,0,4,0,0,4,50.0,0.0,0.0,50.0
11440730,성산2동,7,7,2,28.57142857142857,-77.22954399238235,1.5040694325277855,0,2,0,2,3,28.57142857142857,0.0,28.57142857142857,42.857142857142854
11440740,상암동,6,6,3,50.0,-5.054354679166317,-4.434612041656782,0,3,0,0,3,50.0,0.0,0.0,50.0
11470510,목1동,6,6,3,50.0,-0.40047831736640543,1.3538435208485016,0,3,0,0,3,50.0,0.0,0.0,50.0
11470520,목2동,2,2,0,0.0,5.9161338100694945,5.9161338100694945,0,0,0,0,2,0.0,0.0,0.0,100.0
11470530,목3동,9,9,1,11.11111111111111,5.208827866147426,5.638898196185568,0,1,0,1,7,11.11111111111111,0.0,11.11111111111111,77.77777777777779
11470540,목4동,4,4,3,75.0,0.12418349119728633,-0.8773425819432576,0,3,0,0,1,75.0,0.0,0.0,25.0
11470550,목5동,1,1,0,0.0,1.2928807981370656,1.2928807981370656,0,0,0,1,0,0.0,0.0,100.0,0.0
11470560,신월1동,1,1,1,100.0,-24.540084402521774,-24.540084402521774,0,0,1,0,0,0.0,100.0,0.0,0.0
11470570,신월2동,2,2,1,50.0,3.923308889702115,3.923308889702115,0,1,0,0,1,50.0,0.0,0.0,50.0
11470580,신월3동,5,5,2,40.0,3.8866847766786234,4.575458665610853,0,1,1,0,3,20.0,20.0,0.0,60.0
11470590,신월4동,4,4,2,50.0,-2.8429164344304576,-5.5220724766501235,0,2,0,1,1,50.0,0.0,25.0,25.0
11470600,신월5동,7,7,3,42.857142857142854,-9.644675615571206,-3.1412064342412442,0,3,0,0,4,42.857142857142854,0.0,0.0,57.14285714285714
11470610,신월6동,5,5,4,80.0,-6.8460516053494755,-6.483635437941423,0,2,2,0,1,40.0,40.0,0.0,20.0
11470611,신월7동,2,2,1,50.0,3.5103857081338106,3.5103857081338106,0,1,0,1,0,50.0,0.0,50.0,0.0
11470620,신정1동,7,7,3,42.857142857142854,4.63634159059631,9.30493987950025,0,2,1,2,2,28.57142857142857,14.285714285714285,28.57142857142857,28.57142857142857
11470630,신정2동,6,6,6,100.0,-2.117043649246239,-6.146700912770717,0,5,1,0,0,83.33333333333334,16.666666666666664,0.0,0.0
11470640,신정3동,9,9,1,11.11111111111111,6.262887205103153,8.460374812045742,0,1,0,2,6,11.11111111111111,0.0,22.22222222222222,66.66666666666666
11470650,신정4동,5,5,1,20.0,3.126189601713774,4.740847375630732,0,1,0,2,2,20.0,0.0,40.0,40.0
11470670,신정6동,8,8,5,62.5,2.3741599189423557,4.368240169694008,0,4,1,0,3,50.0,12.5,0.0,37.5
11470680,신정7동,4,4,1,25.0,0.1841579777401643,3.8687549391396416,0,1,0,1,2,25.0,0.0,25.0,50.0
11500510,염창동,3,3,2,66.66666666666666,5.780892631561758,3.708545327818538,0,2,0,0,1,66.66666666666666,0.0,0.0,33.33333333333333
11500520,등촌1동,6,6,2,33.33333333333333,-4.660675200575418,-6.322569889083661,0,1,1,0,4,16.666666666666664,16.666666666666664,0.0,66.66666666666666
11500530,등촌2동,6,6,5,83.33333333333334,-0.33954656950849554,-2.3815146356958414,0,4,1,0,1,66.66666666666666,16.666666666666664,0.0,16.666666666666664
11500535,등촌3동,6,6,2,33.33333333333333,5.622516687467894,4.6935698479656045,0,2,0,2,2,33.33333333333333,0.0,33.33333333333333,33.33333333333333
11500540,화곡1동,6,6,3,50.0,-4.44407013109586,-5.786827951837434,0,3,0,0,3,50.0,0.0,0.0,50.0
11500550,화곡2동,5,5,4,80.0,-13.725438993167927,-17.92589240493667,0,4,0,0,1,80.0,0.0,0.0,20.0
11500570,화곡4동,7,7,1,14.285714285714285,4.742247238273029,3.6134671246852426,0,1,0,2,4,14.285714285714285,0.0,28.57142857142857,57.14285714285714
11500590,화곡본동,5,5,1,20.0,5.0525926819507685,4.826342408414881,0,1,0,1,3,20.0,0.0,20.0,60.0
11500591,화곡6동,1,1,1,100.0,0.709005111982127,0.709005111982127,0,1,0,0,0,100.0,0.0,0.0,0.0
11500593,화곡8동,2,2,1,50.0,-7.038348610439879,-7.038348610439879,0,1,0,0,1,50.0,0.0,0.0,50.0
11500603,가양1동,4,4,3,75.0,-12.857377770459456,-17.088005108871357,0,1,2,0,1,25.0,50.0,0.0,25.0
11500604,가양2동,5,5,1,20.0,-4.424578942063053,-3.6607155236492055,0,1,0,1,3,20.0,0.0,20.0,60.0
11500605,가양3동,3,3,3,100.0,-1.303773805137192,-6.26799451649321,0,1,2,0,0,33.33333333333333,66.66666666666666,0.0,0.0
11500611,발산1동,7,7,3,42.857142857142854,-3.8353392254910763,-4.495958199553556,0,2,1,0,4,28.57142857142857,14.285714285714285,0.0,57.14285714285714
11500615,우장산동,3,3,2,66.66666666666666,-3.4362179710823244,-0.8490985712271382,0,2,0,0,1,66.66666666666666,0.0,0.0,33.33333333333333
11500620,공항동,3,3,2,66.66666666666666,-8.584699587198179,-1.7732584247698169,0,1,1,0,1,33.33333333333333,33.33333333333333,0.0,33.33333333333333
11500630,방화1동,6,6,4,66.66666666666666,1.1642932039012288,0.6513518113861942,0,4,0,0,2,66.66666666666666,0.0,0.0,33.33333333333333
11500640,방화2동,5,5,4,80.0,-5.634335962262023,-2.7933681170961293,0,4,0,0,1,80.0,0.0,0.0,20.0
11500641,방화3동,4,4,1,25.0,4.733115450072454,5.9426110824737615,0,1,0,0,3,25.0,0.0,0.0,75.0
11530510,신도림동,7,7,3,42.857142857142854,-32.452587154026,-13.663197642410335,0,2,1,2,2,28.57142857142857,14.285714285714285,28.57142857142857,28.57142857142857
11530520,구로1동,5,5,2,40.0,-8.433424425211886,-10.146870083412374,0,2,0,0,3,40.0,0.0,0.0,60.0
11530530,구로2동,8,8,4,50.0,-2.5649613716663016,-6.653112354225641,0,2,2,1,3,25.0,25.0,12.5,37.5
11530540,구로3동,7,7,4,57.14285714285714,-2.5518194280170756,-3.8206306582248106,0,4,0,1,2,57.14285714285714,0.0,14.285714285714285,28.57142857142857
11530550,구로4동,5,5,3,60.0,-5.379526963158662,-5.816184757678869,0,2,1,0,2,40.0,20.0,0.0,40.0
11530560,구로5동,6,6,3,50.0,-10.878002791264997,-1.1460730820625664,0,3,0,0,3,50.0,0.0,0.0,50.0
11530595,가리봉동,5,5,3,60.0,-0.34089745565725416,4.610403187124065,0,2,1,0,2,40.0,20.0,0.0,40.0
11530720,고척1동,3,3,1,33.33333333333333,2.2339033903775594,3.653811833313732,0,1,0,1,1,33.33333333333333,0.0,33.33333333333333,33.33333333333333
11530730,고척2동,3,3,1,33.33333333333333,-0.7307933060293047,-5.987599796179357,0,1,0,0,2,33.33333333333333,0.0,0.0,66.66666666666666
11530740,개봉1동,5,5,3,60.0,-6.5387769905793665,0.6216765347031377,0,3,0,2,0,60.0,0.0,40.0,0.0
11530750,개봉2동,3,3,2,66.66666666666666,-11.836009729215931,-16.343180355614855,0,2,0,0,1,66.66666666666666,0.0,0.0,33.33333333333333
11530760,개봉3동,8,8,6,75.0,-1.7210425097764452,2.1099070644584708,0,5,1,0,2,62.5,12.5,0.0,25.0
11530770,오류1동,3,3,2,66.66666666666666,-12.990533312398322,-10.852400723700995,0,1,1,0,1,33.33333333333333,33.33333333333333,0.0,33.33333333333333
11530780,오류2동,1,1,0,0.0,-49.11918985432041,-49.11918985432041,0,0,0,0,1,0.0,0.0,0.0,100.0
11530790,수궁동,5,5,0,0.0,-142.75021897058286,-4.237707627912059,0,0,0,0,5,0.0,0.0,0.0,100.0
11545510,가산동,3,3,1,33.33333333333333,6.280075571319021,7.0227370296496865,0,1,0,1,1,33.33333333333333,0.0,33.33333333333333,33.33333333333333
11545610,독산1동,8,8,4,50.0,-2.9779656130793977,0.5934927387618942,0,4,0,0,4,50.0,0.0,0.0,50.0
11545620,독산2동,2,2,1,50.0,-3.3129630593633514,-3.3129630593633514,0,1,0,0,1,50.0,0.0,0.0,50.0
11545630,독산3동,4,4,1,25.0,-1.7890257706618815,0.014232056315297115,0,0,1,0,3,0.0,25.0,0.0,75.0
11545640,독산4동,3,3,1,33.33333333333333,0.15074432044042277,-1.080509396515144,0,1,0,0,2,33.33333333333333,0.0,0.0,66.66666666666666
11545670,시흥1동,9,9,3,33.33333333333333,-53.805724293684136,-2.788136986520726,0,2,1,0,6,22.22222222222222,11.11111111111111,0.0,66.66666666666666
11545680,시흥2동,8,8,8,100.0,-9.193867272962432,-5.646422166758265,0,7,1,0,0,87.5,12.5,0.0,0.0
11545690,시흥3동,3,3,1,33.33333333333333,1.0379760677668894,2.964946011737009,0,1,0,0,2,33.33333333333333,0.0,0.0,66.66666666666666
11545700,시흥4동,2,2,2,100.0,-11.22840321362834,-11.22840321362834,0,2,0,0,0,100.0,0.0,0.0,0.0
11545710,시흥5동,9,9,6,66.66666666666666,-1.0111211587860625,-0.9651547344152469,0,6,0,1,2,66.66666666666666,0.0,11.11111111111111,22.22222222222222
11560515,영등포본동,5,5,2,40.0,2.2822567764123063,4.854971341050707,0,0,2,0,3,0.0,40.0,0.0,60.0
11560535,영등포동,7,7,2,28.57142857142857,1.427706374524662,0.9623647460369291,0,2,0,0,5,28.57142857142857,0.0,0.0,71.42857142857143
11560540,여의동,10,10,7,70.0,-2.827922421866456,-5.150612865582397,0,5,2,1,2,50.0,20.0,10.0,20.0
11560550,당산1동,7,7,6,85.71428571428571,-0.42198644340456276,-2.70686304306199,0,6,0,0,1,85.71428571428571,0.0,0.0,14.285714285714285
11560560,당산2동,7,7,4,57.14285714285714,-0.9188685037577672,0.4848582086542095,0,4,0,0,3,57.14285714285714,0.0,0.0,42.857142857142854
11560585,도림동,5,5,3,60.0,-2.2570997600567684,1.9945410587540824,0,3,0,1,1,60.0,0.0,20.0,20.0
11560605,문래동,1,1,0,0.0,-1.1980274334373107,-1.1980274334373107,0,0,0,0,1,0.0,0.0,0.0,100.0
11560610,양평1동,3,3,0,0.0,16.011750461039266,15.654108428437537,0,0,0,3,0,0.0,0.0,100.0,0.0
11560620,양평2동,6,6,1,16.666666666666664,2.9203448220292674,6.630865253528908,0,0,1,2,3,0.0,16.666666666666664,33.33333333333333,50.0
11560630,신길1동,3,3,2,66.66666666666666,-59.76605967763612,-18.53607934581782,0,1,1,0,1,33.33333333333333,33.33333333333333,0.0,33.33333333333333
11560650,신길3동,4,4,3,75.0,-9.521235652591729,-14.350637554498345,0,3,0,0,1,75.0,0.0,0.0,25.0
11560660,신길4동,4,4,3,75.0,-2.4573661489450065,-4.166387762935646,0,2,1,0,1,50.0,25.0,0.0,25.0
11560670,신길5동,3,3,1,33.33333333333333,1.4684291107903142,-1.14441435001965,0,1,0,0,2,33.33333333333333,0.0,0.0,66.66666666666666
11560680,신길6동,9,9,4,44.44444444444444,4.7405667929438975,3.6084423866235227,0,4,0,1,4,44.44444444444444,0.0,11.11111111111111,44.44444444444444
11560690,신길7동,4,4,4,100.0,-1.043373101494688,-1.5443984719384023,0,4,0,0,0,100.0,0.0,0.0,0.0
11560700,대림1동,7,7,3,42.857142857142854,2.0959214752898077,-0.3702955460403814,0,3,0,1,3,42.857142857142854,0.0,14.285714285714285,42.857142857142854
11560710,대림2동,5,5,5,100.0,5.5677896826731015,-2.1540535731348904,0,5,0,0,0,100.0,0.0,0.0,0.0
11560720,대림3동,4,4,0,0.0,3.2802790929278434,6.031398972841199,0,0,0,1,3,0.0,0.0,25.0,75.0
11590510,노량진1동,3,3,2,66.66666666666666,1.9973984975375945,-0.6196627738922658,0,1,1,0,1,33.33333333333333,33.33333333333333,0.0,33.33333333333333
11590520,노량진2동,1,1,0,0.0,-8.094258144780351,-8.094258144780351,0,0,0,0,1,0.0,0.0,0.0,100.0
11590530,상도1동,5,5,1,20.0,-29.308685004812418,8.254033568049476,0,1,0,2,2,20.0,0.0,40.0,40.0
11590540,상도2동,5,5,3,60.0,4.420784490880287,-0.5173533176147487,0,2,1,0,2,40.0,20.0,0.0,40.0
11590550,상도3동,4,4,1,25.0,1.84193029461943,1.6564691685028579,0,0,1,0,3,0.0,25.0,0.0,75.0
11590560,상도4동,3,3,1,33.33333333333333,-6.67221514939433,-10.28735373765755,0,1,0,0,2,33.33333333333333,0.0,0.0,66.66666666666666
11590605,흑석동,8,8,5,62.5,0.36424376377062406,-1.478374491205368,0,3,2,0,3,37.5,25.0,0.0,37.5
11590620,사당1동,4,4,3,75.0,3.447176125035125,-0.14505486454645622,0,3,0,0,1,75.0,0.0,0.0,25.0
11590630,사당2동,4,4,0,0.0,-223.79221941628467,-24.34317362075261,0,0,0,0,4,0.0,0.0,0.0,100.0
11590640,사당3동,7,7,4,57.14285714285714,0.5897282612062023,-3.0036860362877698,0,0,4,0,3,0.0,57.14285714285714,0.0,42.857142857142854
11590650,사당4동,3,3,0,0.0,11.192581644248827,6.692538151390728,0,0,0,0,3,0.0,0.0,0.0,100.0
11590651,사당5동,3,3,2,66.66666666666666,3.78885397878444,3.882994667632852,0,2,0,0,1,66.66666666666666,0.0,0.0,33.33333333333333
11590660,대방동,2,2,1,50.0,-0.9021069782920978,-0.9021069782920978,0,1,0,1,0,50.0,0.0,50.0,0.0
11590670,신대방1동,8,8,3,37.5,-7.621363250043384,-9.662996346849987,0,1,2,0,5,12.5,25.0,0.0,62.5
11590680,신대방2동,6,6,2,33.33333333333333,-25.832207787487178,-15.435190185826322,0,1,1,0,4,16.666666666666664,16.666666666666664,0.0,66.66666666666666
11620525,보라매동,6,6,2,33.33333333333333,-7.146339271764966,-9.142503435217712,0,0,2,2,2,0.0,33.33333333333333,33.33333333333333,33.33333333333333
11620545,청림동,2,2,1,50.0,1.0293519209002273,1.0293519209002273,0,1,0,0,1,50.0,0.0,0.0,50.0
11620565,성현동,3,3,2,66.66666666666666,-21.5475475916908,-17.73048176743464,0,2,0,0,1,66.66666666666666,0.0,0.0,33.33333333333333
11620575,행운동,6,6,3,50.0,-1.0522085852014385,0.14783256998275673,0,3,0,0,3,50.0,0.0,0.0,50.0
11620585,낙성대동,2,2,2,100.0,-11.306645446164385,-11.306645446164385,0,1,1,0,0,50.0,50.0,0.0,0.0
11620595,청룡동,1,1,0,0.0,13.900687062111807,13.900687062111807,0,0,0,1,0,0.0,0.0,100.0,0.0
11620605,은천동,1,1,0,0.0,-10.758197553072339,-10.758197553072339,0,0,0,0,1,0.0,0.0,0.0,100.0
11620615,중앙동,8,8,1,12.5,-1.8134854912193181,-1.111674233712296,0,1,0,2,5,12.5,0.0,25.0,62.5
11620625,인헌동,3,3,1,33.33333333333333,-3.2996101933979247,-1.056451372027798,0,0,1,0,2,0.0,33.33333333333333,0.0,66.66666666666666
11620630,남현동,5,5,0,0.0,-97.59704767297858,-6.998818837279316,0,0,0,0,5,0.0,0.0,0.0,100.0
11620645,서원동,5,5,3,60.0,11.3029474935129,13.038068805331221,0,3,0,2,0,60.0,0.0,40.0,0.0
11620655,신원동,2,2,1,50.0,-5.3205835343438626,-5.3205835343438626,0,1,0,0,1,50.0,0.0,0.0,50.0
11620665,서림동,5,5,3,60.0,7.70311661124588,7.309532789759374,0,3,0,2,0,60.0,0.0,40.0,0.0
11620685,신사동,4,4,1,25.0,-9.816550260288007,-2.9520505933775008,0,0,1,0,3,0.0,25.0,0.0,75.0
11620695,신림동,9,9,3,33.33333333333333,-1.073425063680388,2.823474051951134,0,2,1,0,6,22.22222222222222,11.11111111111111,0.0,66.66666666666666
11620715,난향동,5,5,2,40.0,-2.538013985823203,-0.6032425214414303,0,2,0,0,3,40.0,0.0,0.0,60.0
11620725,조원동,6,6,2,33.33333333333333,-402.9111729623168,-15.687361808353074,0,1,1,0,4,16.666666666666664,16.666666666666664,0.0,66.66666666666666
11620735,대학동,1,1,0,0.0,-5.765448702504291,-5.765448702504291,0,0,0,0,1,0.0,0.0,0.0,100.0
11620745,삼성동,1,1,0,0.0,20.12262520035106,20.12262520035106,0,0,0,0,1,0.0,0.0,0.0,100.0
11620765,미성동,9,9,3,33.33333333333333,-4.022457965388793,-3.3350933971420034,0,1,2,0,6,11.11111111111111,22.22222222222222,0.0,66.66666666666666
11620775,난곡동,2,2,0,0.0,20.049344863993902,20.049344863993902,0,0,0,2,0,0.0,0.0,100.0,0.0
11650510,서초1동,2,2,2,100.0,-7.199057155038223,-7.199057155038223,0,1,1,0,0,50.0,50.0,0.0,0.0
11650520,서초2동,9,9,5,55.55555555555556,-5.041712273257117,-1.3560551204775066,0,4,1,0,4,44.44444444444444,11.11111111111111,0.0,44.44444444444444
11650530,서초3동,7,7,2,28.57142857142857,-19.197652631780752,-9.19503217596909,0,2,0,0,5,28.57142857142857,0.0,0.0,71.42857142857143
11650531,서초4동,1,1,1,100.0,8.669060807316619,8.669060807316619,0,1,0,0,0,100.0,0.0,0.0,0.0
11650540,잠원동,7,7,3,42.857142857142854,-0.3281428452697555,0.3677391649675599,0,3,0,1,3,42.857142857142854,0.0,14.285714285714285,42.857142857142854
11650550,반포본동,3,3,1,33.33333333333333,-11.421567897765138,-8.715952506621974,0,0,1,0,2,0.0,33.33333333333333,0.0,66.66666666666666
11650560,반포1동,2,2,1,50.0,0.10914258449061559,0.10914258449061559,0,0,1,0,1,0.0,50.0,0.0,50.0
11650570,반포2동,3,3,2,66.66666666666666,-8.570259673957935,-12.945116750670596,0,0,2,0,1,0.0,66.66666666666666,0.0,33.33333333333333
11650580,반포3동,3,3,2,66.66666666666666,-0.9426541041963029,1.2207676097333646,0,2,0,0,1,66.66666666666666,0.0,0.0,33.33333333333333
11650581,반포4동,8,8,3,37.5,-2.2173727712200777,-4.064176303179372,0,2,1,0,5,25.0,12.5,0.0,62.5
11650590,방배본동,4,4,1,25.0,-9.536453033401386,-9.04160800782899,0,1,0,0,3,25.0,0.0,0.0,75.0
11650600,방배1동,6,6,5,83.33333333333334,-2.0703353173174563,0.4415731081075016,0,5,0,0,1,83.33333333333334,0.0,0.0,16.666666666666664
11650610,방배2동,7,7,5,71.42857142857143,-10.125042093331663,-8.039128007797245,0,3,2,0,2,42.857142857142854,28.57142857142857,0.0,28.57142857142857
11650620,방배3동,5,5,3,60.0,-5.348675631024491,-3.9149398914970077,0,2,1,2,0,40.0,20.0,40.0,0.0
11650621,방배4동,3,3,2,66.66666666666666,-18.403816021861,-22.228317876967928,0,0,2,0,1,0.0,66.66666666666666,0.0,33.33333333333333
11650651,양재1동,6,6,2,33.33333333333333,6.6296687263762735,6.686055561634566,0,2,0,2,2,33.33333333333333,0.0,33.33333333333333,33.33333333333333
11650652,양재2동,9,9,3,33.33333333333333,2.241004427230625,-1.8729446556291922,0,1,2,0,6,11.11111111111111,22.22222222222222,0.0,66.66666666666666
11650660,내곡동,2,2,2,100.0,-1.4066278170485402,-1.4066278170485402,0,2,0,0,0,100.0,0.0,0.0,0.0
11680510,신사동,7,7,3,42.857142857142854,-41.95036238687246,-1.3767586735093928,0,2,1,0,4,28.57142857142857,14.285714285714285,0.0,57.14285714285714
11680521,논현1동,5,5,0,0.0,-3.6207186526671884,-5.806823729558758,0,0,0,1,4,0.0,0.0,20.0,80.0
11680531,논현2동,3,3,2,66.66666666666666,-6.920324651115546,-3.6539673813728863,0,2,0,0,1,66.66666666666666,0.0,0.0,33.33333333333333
11680545,압구정동,4,4,1,25.0,-924.8695287820262,-1231.6665014070827,0,1,0,0,3,25.0,0.0,0.0,75.0
11680565,청담동,4,4,2,50.0,-0.3436696356288318,0.2514385500759029,0,1,1,0,2,25.0,25.0,0.0,50.0
11680580,삼성1동,5,5,0,0.0,10.300965629211136,5.026749080860574,0,0,0,1,4,0.0,0.0,20.0,80.0
11680590,삼성2동,7,7,3,42.857142857142854,-0.24018084009148513,3.5153919111642997,0,2,1,1,3,28.57142857142857,14.285714285714285,14.285714285714285,42.857142857142854
11680600,대치1동,4,4,4,100.0,9.801345185762862,7.937468752908847,0,4,0,0,0,100.0,0.0,0.0,0.0
11680610,대치2동,5,5,3,60.0,-2.9815777574693056,-6.694637672469845,0,2,1,0,2,40.0,20.0,0.0,40.0
11680630,대치4동,4,4,3,75.0,-2.8286212611877923,-0.686702425479659,0,3,0,1,0,75.0,0.0,25.0,0.0
11680640,역삼1동,9,9,3,33.33333333333333,-8.520748604769347,-1.3856834874626216,0,3,0,0,6,33.33333333333333,0.0,0.0,66.66666666666666
11680650,역삼2동,4,4,1,25.0,-2.5229253659312505,-1.2778201834334713,0,1,0,0,3,25.0,0.0,0.0,75.0
11680655,도곡1동,6,6,4,66.66666666666666,4.952658566560536,2.3113287774758415,0,4,0,0,2,66.66666666666666,0.0,0.0,33.33333333333333
11680656,도곡2동,6,6,1,16.666666666666664,3.9607132581566056,3.0334052350217426,0,1,0,1,4,16.666666666666664,0.0,16.666666666666664,66.66666666666666
11680660,개포1동,1,1,0,0.0,9.105800865392151,9.105800865392151,0,0,0,0,1,0.0,0.0,0.0,100.0
11680670,개포2동,7,7,5,71.42857142857143,-0.3752413668434613,-4.181219083369652,0,5,0,1,1,71.42857142857143,0.0,14.285714285714285,14.285714285714285
11680690,개포4동,3,3,1,33.33333333333333,7.426362336041303,7.989113923314061,0,1,0,0,2,33.33333333333333,0.0,0.0,66.66666666666666
11680700,세곡동,2,2,2,100.0,-4.184311022864409,-4.184311022864409,0,1,1,0,0,50.0,50.0,0.0,0.0
11680720,일원본동,6,6,4,66.66666666666666,1.3364930340666004,1.9790891541180318,0,4,0,0,2,66.66666666666666,0.0,0.0,33.33333333333333
11680730,일원1동,5,5,5,100.0,-5.359136895334779,-0.6726776465242483,0,5,0,0,0,100.0,0.0,0.0,0.0
11680740,일원2동,5,5,2,40.0,-5.447961006329841,-5.559065325234576,0,2,0,0,3,40.0,0.0,0.0,60.0
11680750,수서동,8,8,7,87.5,3.149566191690023,-0.8633153412016608,0,5,2,0,1,62.5,25.0,0.0,12.5
11710510,풍납1동,4,4,4,100.0,-6.125685296927525,-7.675527594475631,0,4,0,0,0,100.0,0.0,0.0,0.0
11710520,풍납2동,3,3,2,66.66666666666666,2.2456416945425164,2.390043770332248,0,2,0,0,1,66.66666666666666,0.0,0.0,33.33333333333333
11710531,거여1동,8,8,4,50.0,6.301761041755818,5.791075300744429,0,2,2,1,3,25.0,25.0,12.5,37.5
11710532,거여2동,8,8,4,50.0,-0.2185390944906187,-0.8624650851534836,0,4,0,2,2,50.0,0.0,25.0,25.0
11710540,마천1동,3,3,0,0.0,1.871988105854994,2.5817980660975692,0,0,0,1,2,0.0,0.0,33.33333333333333,66.66666666666666
11710550,마천2동,5,5,1,20.0,5.643101666120622,2.4997127577708866,0,1,0,0,4,20.0,0.0,0.0,80.0
11710561,방이1동,3,3,1,33.33333333333333,4.2518318777338875,9.322487229995986,0,0,1,0,2,0.0,33.33333333333333,0.0,66.66666666666666
11710562,방이2동,4,4,0,0.0,-14.719471047164939,4.1142716258489775,0,0,0,1,3,0.0,0.0,25.0,75.0
11710566,오륜동,2,2,0,0.0,16.68620566241748,16.68620566241748,0,0,0,0,2,0.0,0.0,0.0,100.0
11710570,오금동,6,6,2,33.33333333333333,5.760060219594473,6.250676679741964,0,2,0,2,2,33.33333333333333,0.0,33.33333333333333,33.33333333333333
11710580,송파1동,6,6,3,50.0,-0.4571749563493868,1.3092069257922327,0,2,1,0,3,33.33333333333333,16.666666666666664,0.0,50.0
11710590,송파2동,3,3,1,33.33333333333333,-0.7792156522588961,-0.3537408538293132,0,1,0,0,2,33.33333333333333,0.0,0.0,66.66666666666666
11710600,석촌동,5,5,2,40.0,2.009549692099875,-2.0893002775476326,0,2,0,0,3,40.0,0.0,0.0,60.0
11710610,삼전동,4,4,1,25.0,-2.547338224184924,-1.8950967936591177,0,1,0,0,3,25.0,0.0,0.0,75.0
11710620,가락본동,1,1,0,0.0,7.533335792573553,7.533335792573553,0,0,0,0,1,0.0,0.0,0.0,100.0
11710631,가락1동,1,1,1,100.0,-19.147810317198797,-19.147810317198797,0,0,1,0,0,0.0,100.0,0.0,0.0
11710632,가락2동,1,1,0,0.0,19.640122162970716,19.640122162970716,0,0,0,1,0,0.0,0.0,100.0,0.0
11710641,문정1동,5,5,1,20.0,-6.204013624359068,-7.541019831831921,0,1,0,0,4,20.0,0.0,0.0,80.0
11710642,문정2동,5,5,1,20.0,5.793567124734276,5.892206205293451,0,1,0,2,2,20.0,0.0,40.0,40.0
11710646,장지동,4,4,2,50.0,-4.3214114664058165,0.5676544500702021,0,1,1,1,1,25.0,25.0,25.0,25.0
11710647,위례동,3,3,2,66.66666666666666,-3.833860043721048,-0.5120671331727497,0,0,2,0,1,0.0,66.66666666666666,0.0,33.33333333333333
11710650,잠실본동,4,4,1,25.0,13.183835149275062,12.011067262783651,0,1,0,2,1,25.0,0.0,50.0,25.0
11710670,잠실2동,6,6,4,66.66666666666666,9.951753265048724,8.10775027724864,0,4,0,2,0,66.66666666666666,0.0,33.33333333333333,0.0
11710680,잠실3동,4,4,0,0.0,2.789928899489695,2.766407977294742,0,0,0,0,4,0.0,0.0,0.0,100.0
11710690,잠실4동,3,3,1,33.33333333333333,5.429808669249698,4.317843290727595,0,1,0,1,1,33.33333333333333,0.0,33.33333333333333,33.33333333333333
11710710,잠실6동,4,4,1,25.0,1.1134706912572163,5.015220837324637,0,1,0,0,3,25.0,0.0,0.0,75.0
11710720,잠실7동,3,3,0,0.0,6.46335906604163,13.783685475157252,0,0,0,2,1,0.0,0.0,66.66666666666666,33.33333333333333
11740515,강일동,6,6,1,16.666666666666664,1.1199336189253508,1.043860177189747,0,0,1,2,3,0.0,16.666666666666664,33.33333333333333,50.0
11740520,상일동,5,5,4,80.0,-3.2393859874405764,-5.548504730263798,0,3,1,1,0,60.0,20.0,20.0,0.0
11740530,명일1동,12,12,4,33.33333333333333,0.10483899661885854,-1.3996517885977893,0,3,1,0,8,25.0,8.333333333333332,0.0,66.66666666666666
11740540,명일2동,7,7,4,57.14285714285714,-2.6224912793816233,-2.0318026478661118,0,3,1,1,2,42.857142857142854,14.285714285714285,14.285714285714285,28.57142857142857
11740550,고덕1동,6,6,2,33.33333333333333,-839.9907196262803,3.604122382457792,0,2,0,1,3,33.33333333333333,0.0,16.666666666666664,50.0
11740560,고덕2동,5,5,3,60.0,-0.9419337934775307,-6.203210965418727,0,2,1,0,2,40.0,20.0,0.0,40.0
11740570,암사1동,4,4,3,75.0,-7.928169760401476,-6.941448810862877,0,1,2,0,1,25.0,50.0,0.0,25.0
11740580,암사2동,4,4,4,100.0,-1.57915829707002,-1.506140696732405,0,4,0,0,0,100.0,0.0,0.0,0.0
11740590,암사3동,3,3,0,0.0,1.466660371905596,-0.44647361628155835,0,0,0,1,2,0.0,0.0,33.33333333333333,66.66666666666666
11740600,천호1동,7,7,2,28.57142857142857,1.0833857181131346,3.8515471946302,0,1,1,1,4,14.285714285714285,14.285714285714285,14.285714285714285,57.14285714285714
11740610,천호2동,6,6,4,66.66666666666666,-2.124274376282568,-1.268166111495293,0,2,2,1,1,33.33333333333333,33.33333333333333,16.666666666666664,16.666666666666664
11740620,천호3동,8,8,3,37.5,-0.07456153249848785,0.419530837046346,0,2,1,2,3,25.0,12.5,25.0,37.5
11740640,성내1동,6,6,5,83.33333333333334,3.4626752389008133,3.867028988584455,0,4,1,0,1,66.66666666666666,16.666666666666664,0.0,16.666666666666664
11740650,성내2동,3,3,1,33.33333333333333,-0.5152510391288203,4.542669575800433,0,0,1,0,2,0.0,33.33333333333333,0.0,66.66666666666666
11740660,성내3동,3,3,1,33.33333333333333,-5.178935762822561,-3.8209059153977836,0,1,0,0,2,33.33333333333333,0.0,0.0,66.66666666666666
11740685,길동,5,5,3,60.0,-76.34998340925854,-2.777907671412631,0,3,0,0,2,60.0,0.0,0.0,40.0
11740700,둔촌2동,6,6,3,50.0,6.0358756629714145,3.704623589310341,0,3,0,0,3,50.0,0.0,0.0,50.0
