행정동_코드,행정동_코드_명,업종,상권_비교키,상권_매출_20254,상권_건수_20254,상권_매출_YOY_증감률,상권_매출_QOQ_증감률,상권_매출_추세,당행_고객수,대출_보유_고객수,대출_보유율,총_대출잔액,대출고객_평균_대출잔액,운전자금_대출잔액,시설자금_대출잔액,신용대출_잔액,고객_평균매출액,고객_평균_매출증감률,매출감소_고객수,상권_위험_등급
11140605,을지로동,문화·취미·반려,11140605_문화·취미·반려,38130360169,416554,-28.35,-4.12,지속감소(위험),1,1,100.0,38900000,38900000.0,0,0,38900000,221010000.0,19.22,0,고위험(매출급감/대출집중)
11290705,종암동,식료품·편의소매,11290705_식료품·편의소매,7925681059,411786,-25.26,18.93,단기반등,2,1,50.0,55700000,55700000.0,55700000,0,0,82225000.0,9.96,0,고위험(매출급감/대출집중)
11680521,논현1동,문화·취미·반려,11680521_문화·취미·반려,10031136282,45344,-23.54,105.81,단기반등,2,1,50.0,52100000,52100000.0,0,52100000,0,94250000.0,98.83,0,고위험(매출급감/대출집중)
11140670,황학동,가구·인테리어,11140670_가구·인테리어,6152389304,22334,-19.91,-11.66,지속감소(위험),2,2,100.0,52300000,26150000.0,41300000,11000000,0,45015000.0,-15.0,1,고위험(매출급감/대출집중)
11440555,아현동,음식·음료,11440555_음식·음료,4524019769,227668,-19.69,-10.77,지속감소(위험),1,1,100.0,31000000,31000000.0,31000000,0,0,45850000.0,-13.91,1,고위험(매출급감/대출집중)
11530510,신도림동,음식·음료,11530510_음식·음료,9745726627,312880,-18.36,-2.27,지속감소(위험),2,2,100.0,36800000,18400000.0,27700000,9100000,0,58805000.0,-15.27,2,고위험(매출급감/대출집중)
11440680,합정동,식료품·편의소매,11440680_식료품·편의소매,5522334893,655160,-17.98,-5.35,지속감소(위험),2,1,50.0,30500000,30500000.0,0,0,30500000,49430000.0,-13.43,2,고위험(매출급감/대출집중)
11320680,쌍문3동,가구·인테리어,11320680_가구·인테리어,5633437909,70365,-17.9,40.39,단기반등,1,1,100.0,30200000,30200000.0,30200000,0,0,83910000.0,36.15,0,고위험(매출급감/대출집중)
11500611,발산1동,음식·음료,11500611_음식·음료,12779476227,852600,-12.07,5.19,단기반등,1,1,100.0,41500000,41500000.0,41500000,0,0,97760000.0,-7.03,1,고위험(매출급감/대출집중)
11230710,회기동,음식·음료,11230710_음식·음료,17919260676,926980,-11.58,8.3,단기반등,2,1,50.0,120600000,120600000.0,0,0,120600000,156555000.0,6.45,1,고위험(매출급감/대출집중)
11140590,광희동,패션·잡화,11140590_패션·잡화,13708615296,176737,-10.68,17.96,단기반등,1,1,100.0,44700000,44700000.0,0,0,44700000,89210000.0,21.14,0,고위험(매출급감/대출집중)
11650600,방배1동,미용·뷰티,11650600_미용·뷰티,4374083428,44970,-10.28,-31.19,지속감소(위험),1,1,100.0,32000000,32000000.0,0,0,32000000,45380000.0,-52.37,1,고위험(매출급감/대출집중)
11380520,불광1동,음식·음료,11380520_음식·음료,12665001747,518214,-10.07,-0.34,지속감소(위험),1,1,100.0,122900000,122900000.0,122900000,0,0,231760000.0,2.25,0,고위험(매출급감/대출집중)
